{"train": {"micro_f1": [0.31941025086101876, 0.4166490009972824, 0.4598602406243886, 0.4756504039485748, 0.4962910169023902, 0.5283425943445877, 0.5417297978492578, 0.5635171919876051, 0.5881626094532129, 0.6060718327923216, 0.6185784656588971, 0.6356494957712002, 0.6325541736116801, 0.6518093621435294, 0.6647812565879717, 0.6662926427488809, 0.6825487960866299, 0.6868975405441589, 0.6961664160208803, 0.7008275346462215, 0.7044613482395994, 0.7213056927589084, 0.7299200564054807, 0.7359526085505216, 0.7375799783458359, 0.7374368037933045, 0.7548700717039227, 0.7517205556107716, 0.7564792937868204, 0.7583148450168483, 0.7644071873179932, 0.769937163765508, 0.7769875465244052, 0.7644962028703217, 0.7761361741923606, 0.7809487568324053, 0.7849335821832572, 0.7890808793968774, 0.7928943666355642, 0.7912985034321073, 0.7983636403963202, 0.8049854552584921, 0.800686190004401, 0.8042548844420816, 0.810326943680665, 0.8065153199243917, 0.8139939308411448, 0.8158138212065621, 0.8156320927746421, 0.8223641487819123], "macro_f1": [0.2051155027377246, 0.16977862096425433, 0.16514796320340033, 0.1706054401910679, 0.18052008790599067, 0.1972653347650982, 0.20216779210229885, 0.22196820577280504, 0.24662131826442896, 0.25433606014127164, 0.2679240352961167, 0.2912860808737511, 0.2933056866759938, 0.3248182647589784, 0.3470258066896739, 0.3636022966932535, 0.4043876505576392, 0.4310291020768573, 0.42550696168768765, 0.4460267076544593, 0.44908503960825863, 0.5037155811870964, 0.5165769746140473, 0.5263882439609971, 0.539079582830982, 0.5501251362388331, 0.5649658756111936, 0.568380570985975, 0.598844582981124, 0.5897607622775208, 0.6215677529328669, 0.6414792819720158, 0.6277509782373268, 0.6191574975981787, 0.6667763195985787, 0.6453933918895595, 0.662602795080408, 0.6735659781183284, 0.6834663150632653, 0.6917409074948349, 0.6966904140585304, 0.7074492288899275, 0.6921303762106474, 0.7175803880184357, 0.7252698943200223, 0.7219782537491148, 0.7405735960670252, 0.7364358241204039, 0.744099065789326, 0.7299266229313914], "micro_map": [0.22461640704107316, 0.30419305592721296, 0.33969987830735177, 0.353675341799638, 0.37060063994961845, 0.3978212429713129, 0.4109110459967985, 0.4291666390408718, 0.45423113877052457, 0.46918561090358557, 0.4839665218042643, 0.4997516774371979, 0.4980978415141806, 0.5166742048297114, 0.5299918259173811, 0.5324359128169428, 0.5483798326590461, 0.554575320591618, 0.5624836728781674, 0.5669418232297404, 0.5735597550256707, 0.5914626974367414, 0.601388964673429, 0.6084096235439923, 0.6101707009815734, 0.6111434777826712, 0.6310535949244862, 0.6261463413427104, 0.6313387595649883, 0.6344343228347767, 0.6426001678812813, 0.6504846082179272, 0.6586972378016084, 0.6414345645417459, 0.6571993415373104, 0.6631374430673369, 0.6678697498380615, 0.6732363988391095, 0.67907110000498, 0.6761500607230538, 0.6857268476123279, 0.6945648741499569, 0.690396395422966, 0.6937649341794124, 0.7021033979695993, 0.6967440043283364, 0.7074126463620517, 0.7089993234847668, 0.7080899669095844, 0.7193106990645025], "macro_map": [0.20550284413536882, 0.2109154514711734, 0.2120077714744503, 0.21430905733993555, 0.21921420782233988, 0.22949285521472637, 0.23381049452869007, 0.24555821722932986, 0.26437280803233026, 0.2692413019248864, 0.27958991713419673, 0.2974515687777512, 0.2962480226269532, 0.32034099012351286, 0.334091215111969, 0.3490255503570121, 0.3793044937911912, 0.40515956329607306, 0.39798327928543265, 0.41203480367053225, 0.41886340843759284, 0.46736223982750935, 0.47659071425619104, 0.48723803697637924, 0.49897559834319316, 0.5067058937895725, 0.5183121004767942, 0.5220182991495866, 0.5482372324336019, 0.5406380017174077, 0.57235181301402, 0.5927890200400442, 0.5765639003149982, 0.5672340331112723, 0.6124408087165506, 0.5930253272601532, 0.6044295390465776, 0.6172109833925011, 0.6290014555618578, 0.6343551983059064, 0.6386966317339793, 0.6490080387612288, 0.6344133049874092, 0.6656453585570579, 0.6704801670698258, 0.6653287655842217, 0.684734990483853, 0.6827407187467035, 0.6857493947885454, 0.6708128342433431]}, "val": {"micro_f1": [0.4247739979573634, 0.46993878131976197, 0.4992916683408879, 0.5195450590167314, 0.5443300035721443, 0.5424792197270007, 0.5563146690786085, 0.5802943635971394, 0.5946717008381692, 0.5963838234150102, 0.6176364450406513, 0.6304238041234517, 0.6403900255593398, 0.6424607115828669, 0.6501848496899534, 0.6507495296528157, 0.6691448092845609, 0.6652900138250619, 0.690849810283044, 0.691553282621231, 0.6888194258454922, 0.6912326380583333, 0.7047169286435166, 0.7128529359533321, 0.7092336334158429, 0.7206396355180468, 0.7184202915786552, 0.7272242773151136, 0.7289198189524838, 0.740533061506519, 0.7319854373064401, 0.7334658679325402, 0.7420366007504716, 0.7460595513125752, 0.748880333149996, 0.7491953887829138, 0.7488031481883941, 0.7578108427974293, 0.7638098608061408, 0.7600859788359788, 0.7626767205309394, 0.7669830525185269, 0.7666214004212105, 0.7670338125835837, 0.7667273145557403, 0.7716630764774617, 0.7738542270625957, 0.7748546136108947, 0.7783959853404444, 0.776393926074424], "macro_f1": [0.1762084230332295, 0.16413612082741114, 0.1747670435899833, 0.18800301448069398, 0.19878969183864142, 0.19766681860519997, 0.20393211397230337, 0.2150786568469452, 0.22599001953657696, 0.2295190283955075, 0.2421759326137207, 0.2507845253390911, 0.2619962566994253, 0.265452741666627, 0.2788743663017723, 0.28258885041641396, 0.2948097233967959, 0.2937697596573043, 0.3038666293634772, 0.30749400800167404, 0.31323745502050904, 0.316261997703404, 0.326885928092074, 0.33587751588878245, 0.3400540494980063, 0.3461971035055813, 0.3495114672495818, 0.3547025423477393, 0.35837319911788773, 0.3674564293094842, 0.3631927689138057, 0.36546032025749287, 0.3715342512814069, 0.3745706607102356, 0.37634214523796605, 0.37936380861785424, 0.3804845942448329, 0.38644624812769424, 0.3912066857140971, 0.3869451616312555, 0.39186457564804184, 0.3938744409989887, 0.3966435054115501, 0.39764049784567673, 0.4018285002193335, 0.4023084002847426, 0.40255437075296785, 0.40624019132007405, 0.4088046063347562, 0.4068296608256333], "micro_map": [0.31127579821530527, 0.3604574932643234, 0.3826209355191719, 0.3938488482482236, 0.41217513049501975, 0.4123094900365051, 0.42278480442393807, 0.4467942890212475, 0.45681000640465974, 0.45850857021695224, 0.4818828788229641, 0.4930586738390039, 0.5035065918309212, 0.5075704855331094, 0.5180031666339734, 0.5189373638971599, 0.5393661032813664, 0.5344357759730383, 0.558847450843616, 0.5598899183194288, 0.5595304442719307, 0.5622437554711379, 0.5789474098223233, 0.5888744437663366, 0.5841765801101054, 0.5969252183380775, 0.5934570132780796, 0.6033792624278811, 0.6055204524279061, 0.6209648419433873, 0.6102423143392807, 0.6110950965970643, 0.622357115112946, 0.627424106303653, 0.6315723763348534, 0.6323082629988994, 0.6311546898316804, 0.642340204374037, 0.6493856352972243, 0.6444135967411888, 0.6479410748943832, 0.6519016932264247, 0.6529666657085467, 0.6525869998893008, 0.6523553325160114, 0.659039453520535, 0.6608052539971869, 0.6625908681193674, 0.6668013186764632, 0.6642877397862914],