{"train": {"micro_f1": [0.3508189661195633, 0.4460973967243781, 0.4748243862113846, 0.521331683093301, 0.5430719735185054, 0.5592155796813398, 0.5814010368463383, 0.5965859367463991, 0.623546536137208, 0.6263390950304253, 0.6423210337618005, 0.6489869212849354, 0.6621773309640665, 0.6713413120414505, 0.6821799897990399, 0.6906173979227146, 0.6993099872701273, 0.7025492595664551, 0.7121412778355583, 0.7253010717570005, 0.7356664966277036, 0.7273602159371966, 0.735809087713041, 0.7474840580514475, 0.7528328393604674, 0.7646741155902227, 0.7639902369660451, 0.7638044676861, 0.7665390170999449, 0.7741818011107403, 0.7791329543171059, 0.7851857663681064, 0.7836193870160357, 0.7944888950758147, 0.7897532242997728, 0.797355160511687, 0.7952364925772059, 0.8045881654599603, 0.8056901735175074, 0.8072366582735869, 0.808274617394842, 0.8042830898153324, 0.8125981549265365, 0.8111150635978599, 0.8196190199467887, 0.8183870652156768, 0.8264090395806596, 0.8205287629328243, 0.8255891043708526, 0.8268284155761829], "macro_f1": [0.21671812849859673, 0.17041995872585633, 0.17480191410090057, 0.1908976416074697, 0.19961168182578723, 0.2157769623116709, 0.234678822331077, 0.25263381097935406, 0.2753368043132421, 0.2807423297363412, 0.29626034852668753, 0.30210603361075067, 0.3178838245370148, 0.33273804168508303, 0.3478085035456992, 0.3796556976193194, 0.3942331764331038, 0.4171394684137647, 0.43193667778220834, 0.46638424869613715, 0.47876805976071835, 0.4983835279552851, 0.5221767128418743, 0.5469860109105881, 0.5712538429124837, 0.5787115866291913, 0.5942757451435579, 0.5940986224659589, 0.6147259678740277, 0.6126310645426354, 0.6365592671796866, 0.6598442989337656, 0.6742584880482451, 0.6925752045229053, 0.6618287574145335, 0.6711671218890589, 0.6939987259919154, 0.6997145441508578, 0.7009740265437067, 0.7070006514128259, 0.7192729175015468, 0.7137094044642274, 0.7388913910259167, 0.7328509630752902, 0.7310600822982696, 0.7285542727243509, 0.755284524085491, 0.7570210305950182, 0.7577803102542847, 0.7820207189002807], "micro_map": [0.23748520619956479, 0.3230741257709123, 0.34954423600695234, 0.38950836330401156, 0.41096163003994024, 0.42766159669138365, 0.4468989943823694, 0.4635485904325655, 0.4906532432158552, 0.49067027337572033, 0.5076695784693341, 0.5158045160433828, 0.5295295733579971, 0.5385303474865848, 0.5508686825853352, 0.5600916730459548, 0.5705115581632925, 0.5718143146892585, 0.5831932326478022, 0.5995743691428286, 0.6128915224165009, 0.6005444882583667, 0.6108418356569575, 0.62500303159606, 0.6306112111788331, 0.6444021267520038, 0.6450071542883101, 0.6431652146212089, 0.6476428359053653, 0.6556162043889422, 0.6634789557784435, 0.6702876904691794, 0.6681156596157045, 0.6837379564830559, 0.6769018677148133, 0.6861629650819414, 0.6828750029396607, 0.6941074448208582, 0.6966856627988179, 0.6992101633030149, 0.6999460138340191, 0.6937711592124923, 0.7055489452160992, 0.7032157040199232, 0.7148336843622589, 0.7128805959766649, 0.7248789485971529, 0.7162213817033013, 0.7228307086342048, 0.7242100145491694], "macro_map": [0.20413423025042252, 0.2075251898714426, 0.21401590822162078, 0.22435062129486305, 0.23135615877738894, 0.2437924861074276, 0.2552062143219167, 0.27051826854046385, 0.28708225982652985, 0.29285549601998623, 0.30301765802480957, 0.31004595806064733, 0.3192015890438879, 0.3311432940823273, 0.3405470313652625, 0.3635584069120337, 0.375289636206763, 0.39185711179686583, 0.4037309516174293, 0.4310166313322009, 0.446773003973106, 0.4603380903073868, 0.4768082417390812, 0.4951064003017335, 0.5222275760072692, 0.5254313294968624, 0.5410049648308479, 0.5446171672115476, 0.5595715690304359, 0.5607100889556079, 0.5796189566147716, 0.600837551513619, 0.613201342881755, 0.6346541984911447, 0.6050230577183853, 0.6147508447315183, 0.6378348250274901, 0.6387065850601651, 0.6433517554226349, 0.6522104117881284, 0.6559011857995438, 0.6537376464885849, 0.6820532255694521, 0.6766272010308537, 0.6762689071036033, 0.669930762125866, 0.6987766084199483, 0.7016374212366447, 0.7008153354841231, 0.7251209055713975]}, "val": {"micro_f1": [0.4428949650360471, 0.46140134076114026, 0.48690583346779426, 0.523000067627317, 0.5405413825585716, 0.5477543655147444, 0.5703573648635354, 0.577994286833339, 0.5964602117144192, 0.6052895229062988, 0.6223670315761198, 0.6312617856331596, 0.6380803386201516, 0.6583699280948416, 0.669215607026459, 0.682306744129341, 0.6766595278778362, 0.6936644560948697, 0.6878194498214822, 0.6981146001451488, 0.7047184306859835, 0.7038334169183749, 0.7018390147353561, 0.7159028732612068, 0.718615391839322, 0.7190162317513237, 0.7287302088597338, 0.7303321148441375, 0.7378213032930014, 0.7422043897502711, 0.7443028244932433, 0.744139110971756, 0.742154675927166, 0.7465025951208886, 0.7506655651640233, 0.7556512168111715, 0.7541447124194809, 0.7583064024053143, 0.7589196365919517, 0.7622090178952046, 0.7680666676986545, 0.7685578004670501, 0.7679447277723441, 0.7650807273150142, 0.7696309664400052, 0.7789780069290504, 0.7748099744520658, 0.7782719574312693, 0.7735926547662553, 0.7791655320366929], "macro_f1": [0.17781266870374846, 0.15757668037427994, 0.16880284165507936, 0.18518144055661118, 0.19257640259201558, 0.19625593565146837, 0.20598024979394816, 0.21646919638899406, 0.2254286321585818, 0.23074589549732746, 0.23959293330244524, 0.24483250320414582, 0.25583629902423116, 0.27497133751586494, 0.2825137797240971, 0.29193246305386394, 0.2899605267852844, 0.30191593427142593, 0.30187411443510304, 0.3141740786512405, 0.31938353785702744, 0.32263958766894457, 0.32361026071320487, 0.33614899655160757, 0.33777306799513096, 0.3365985475178541, 0.3478233543402297, 0.34993647753246315, 0.3560002064972445, 0.3661422113133999, 0.3706761506265697, 0.37056398522249273, 0.3718059865252613, 0.3748358413488588, 0.3760730333098422, 0.3817429868402587, 0.38203328087827354, 0.3852204753635332, 0.39012021452690304, 0.39708776865405276, 0.4017791253218912, 0.4027306554771095, 0.4004333389444942, 0.40114753478631326, 0.40326437914936464, 0.409042524630826, 0.4099702053562697, 0.4114641830878826, 0.4086694009581705, 0.4139552358056391], "micro_map": [0.3258029585249014, 0.3602572224715763, 0.37999890731574426, 0.40514482032921484, 0.42157836483433175, 0.4272874580801284, 0.44840640453665437, 0.4540810255093033, 0.47164395573776774, 0.4805594587316914, 0.4967183153529181, 0.5056662520873904, 0.5121484518143837, 0.5314420810763969, 0.5448200065377973, 0.560064669160817, 0.5536083142070386, 0.5705949340172917, 0.5658150436572146, 0.5778202589151062, 0.5844233153559157, 0.584204349761283, 0.5838876005970846, 0.596859618746076, 0.6012667812583138, 0.6031218648408122, 0.6131422861807092, 0.6168051424727043, 0.6247386855806212, 0.629043986325742, 0.6317069072811393, 0.6332463480280903, 0.6285434429613296, 0.6353909675384815, 0.6415363056255085, 0.6457468587339078, 0.6444319923393237, 0.6482416020032555, 0.6502072508063247, 0.6534979138048195, 0.6613766187339413, 0.6624863482822715, 0.6604177683258095, 0.6589002390493606, 0.6627222569616381, 0.6739459956595091, 0.669698888682796, 0.6734423867411935, 0.6667500249266352, 0.6734043337443035],