{"train": {"micro_f1": [0.34675259318451657, 0.47616769574683576, 0.5166569830823411, 0.5501761028563292, 0.5895452259785203, 0.6112721934847538, 0.6379768694549847, 0.6670099363792069, 0.6835725588089451, 0.6892196818808588, 0.7103761378671168, 0.7227787470390734, 0.7281748506007438, 0.7371450714471033, 0.752056785607487, 0.7563673596647815, 0.7682188635543075, 0.7792930802226938, 0.7835292172564464, 0.80348401378887, 0.8035831996147301, 0.8078841592741534, 0.8214378521740705, 0.8214653034460978, 0.833627643901518, 0.8410223474955557, 0.8498195826807773, 0.8543542655637006, 0.8540617889861357, 0.8614368532862717, 0.8710121018909744, 0.8619029907678878, 0.8760049286676864, 0.8759816193282306, 0.8759954806145046, 0.8840272681780026, 0.884708025961812, 0.8945581983006348, 0.8916424864795537, 0.8940168946645769, 0.9005654578482788, 0.8982493950121789, 0.9080297317814372, 0.9093646215980808, 0.9103214487364208, 0.9109424614000932, 0.9138727742282194, 0.9169522532252864, 0.9190230990178322, 0.9204424208568378], "macro_f1": [0.2263034009180954, 0.187367823159663, 0.18921556766895334, 0.20412958926176086, 0.2272221726774228, 0.24809409214546996, 0.2786290489427648, 0.3088960274340991, 0.3395196029865602, 0.33373174558925295, 0.37104058491170927, 0.38502023214891024, 0.3936643751883306, 0.40484336910010904, 0.4289358230137193, 0.43907587290890504, 0.4592912127655061, 0.5017125995081738, 0.5301450189089575, 0.5651488732862271, 0.5834362049848402, 0.6065789725834271, 0.6406696415415635, 0.6653327880124535, 0.6736002986099354, 0.7021868302285464, 0.7196214287370977, 0.7224775110913911, 0.7222848476812425, 0.7564796752591623, 0.7631674749520536, 0.7495832300526205, 0.7733574953826838, 0.7829179731416928, 0.7651774473085532, 0.7852960267524315, 0.7999431585535715, 0.8059218518049679, 0.8139341707968277, 0.827646056438941, 0.8329466212670379, 0.8151923478397952, 0.8533071430570253, 0.8288634718502541, 0.8420963955113858, 0.8511386259803142, 0.8554340367769511, 0.8520122194619474, 0.8571652221771567, 0.8684468860474448], "micro_map": [0.23499052817151936, 0.34185958407806466, 0.3826757276049679, 0.41738736407857535, 0.4531453990785068, 0.47643045744094714, 0.5036935182558353, 0.5349448566121289, 0.5529276135125708, 0.5613879914255658, 0.5854320089091065, 0.5984243315314001, 0.6051743911807713, 0.6171616718761925, 0.6353585257277049, 0.6415109490598975, 0.6561483340012391, 0.6707464258416652, 0.674780698456821, 0.6999897801541657, 0.7004233438763995, 0.7063332076586677, 0.7237921199335754, 0.7239147365334332, 0.740664628130682, 0.7512842047806075, 0.7621719775403519, 0.768730399338785, 0.7685690550441963, 0.7791092313760533, 0.7935266428947274, 0.779547749701972, 0.8005661949909337, 0.7999230434840767, 0.7996323586249857, 0.812442071709308, 0.8131635878817668, 0.8279781721955523, 0.8226359787435422, 0.8263091491307826, 0.8370312725197574, 0.8333717432713589, 0.8487281922487967, 0.8504173090796716, 0.8530336682954546, 0.8523506234027586, 0.8574237740472987, 0.8627414873447483, 0.8660027109291906, 0.8681945594849015], "macro_map": [0.20958422867051724, 0.21511001673164484, 0.2225358585646884, 0.23424209651026776, 0.25004761678860593, 0.2660080733020062, 0.2868723816040313, 0.31159662525425114, 0.3345824868147694, 0.33403146429727676, 0.36491647408604594, 0.37531038723480564, 0.3829060443092233, 0.3934092140163034, 0.4120000807251321, 0.4186670372906932, 0.4315808178169963, 0.4729778657310767, 0.49023396907086864, 0.5200561360043775, 0.5331030295454875, 0.5560875552295504, 0.5899844686668007, 0.6108883176643516, 0.6178223293378954, 0.6521718642314511, 0.6633720268204334, 0.6679587836739478, 0.6686052991764824, 0.7040143447883225, 0.7121184455905404, 0.6984063631091852, 0.7218554838279243, 0.7325066278658682, 0.7177392873089046, 0.7377499939685525, 0.7514191491474138, 0.7615120375849425, 0.766225552960757, 0.7810405324233147, 0.7915871325087132, 0.7707821618014714, 0.8096500093714103, 0.7889383118704486, 0.8022426033531661, 0.80990478619146, 0.8149090647000298, 0.8134116007362396, 0.8183489977918836, 0.82960612559861]}, "val": {"micro_f1": [0.42559820491343336, 0.4755321882004343, 0.5141829224462064, 0.5346215751544234, 0.5609459555409442, 0.5827510906092876, 0.5980817612133235, 0.6222994842774086, 0.6288113281639867, 0.63627184275666, 0.646211594450952, 0.6650167155485405, 0.6763184939844672, 0.6832667653621339, 0.6875410150137933, 0.6937816174722543, 0.6900211873243718, 0.6997216285463993, 0.7138891641922401, 0.7220479448306864, 0.7251846866460522, 0.7311382332318511, 0.7303958562882689, 0.742331237255161, 0.7509025418068827, 0.7561995127330031, 0.7595775702649132, 0.7630994847719472, 0.7743522018825635, 0.7651390790948371, 0.7683469410959527, 0.7759092243013932, 0.7797550309284875, 0.7810835322359793, 0.7767521577725083, 0.7825886302564833, 0.7878267168002863, 0.781745720655268, 0.784741205132221, 0.78952323754369, 0.7902658922650249, 0.7887223125965362, 0.7839256492469799, 0.7862845114038213, 0.796411670521527, 0.7901413173323394, 0.799266690969396, 0.7937676786750192, 0.788844407404855, 0.7948659139245837], "macro_f1": [0.1944483605699371, 0.16346760391892556, 0.18067382065752344, 0.19034511467921708, 0.20509180810944733, 0.22339103893340606, 0.23441094003585125, 0.25043433369046436, 0.2562564301527018, 0.257827934008497, 0.26749908730043814, 0.27587624801626576, 0.28451935212955454, 0.28961952585002243, 0.29120614413511026, 0.30074259585780894, 0.30773123652311274, 0.31360078663144436, 0.3269966928363362, 0.33341233254918823, 0.33735053427727135, 0.3452176412459047, 0.33993359478193286, 0.3569642433208422, 0.36843157905588486, 0.3727320848612802, 0.3791214180889805, 0.3847652180971921, 0.3947062460324901, 0.3880462722828699, 0.3902048347536302, 0.39873880279325646, 0.4005878965661427, 0.4038719185024428, 0.4068722043302778, 0.4095403182773603, 0.4127601175444059, 0.4100596679462509, 0.41403762678952505, 0.41407590372703973, 0.4153565021165498, 0.41937728356605564, 0.41252336697419245, 0.41466415456017197, 0.4227031618220534, 0.4186699929144252, 0.42238048236366743, 0.4217331000048241, 0.4195489688767703, 0.42326960403433894], "micro_map": [0.3178367962281492, 0.37192695512471785, 0.40156402866493246, 0.4200576866983706, 0.44233618704840205, 0.4606315317659741, 0.47568002853701424, 0.49907497637213927, 0.5061930562122354, 0.514047608019084, 0.5250171682328472, 0.5426174482552161, 0.5524440652841596, 0.5590136312737024, 0.5625597061176932, 0.5731278944260155, 0.5694188124404744, 0.5788156520751387, 0.5948991280716478, 0.6036360202452056, 0.6074973257310394, 0.6138204427619579, 0.6142565032661582, 0.6277864870129053, 0.6373234585885914, 0.6449988087957939, 0.6490555908361122, 0.6526098235117198, 0.6681639403871167, 0.6575741610032029, 0.6611229133097105, 0.6698351844958204, 0.6741686056703715, 0.6761011265023948, 0.6711451591676326, 0.679063696675821, 0.6851737985919779, 0.6772755337187341, 0.6807697636990425, 0.6850326646797347, 0.6866563308675118, 0.6860212011830911, 0.6802137277197322, 0.6823456339595333, 0.6954188257217117, 0.68931058806641, 0.6971032048619574, 0.6919669826088752, 0.6858345854587079, 0.6936889318308244],