{"train": {"micro_f1": [0.3280515730044925, 0.44556053422188646, 0.4787570018478025, 0.5040612441998199, 0.5219925980255574, 0.550340812275415, 0.5633984216996781, 0.5842001882722153, 0.5936456314317715, 0.6179163719966871], "macro_f1": [0.21292078778168094, 0.17056366710976706, 0.17089357536117386, 0.18208348768790364, 0.19240688776750592, 0.20692061802120473, 0.22648242199346538, 0.24535668703006172, 0.25541809387545006, 0.2773452886951156], "micro_map": [0.23063663795578063, 0.3242912427718084, 0.35288850743331224, 0.3729413286866034, 0.392108582826294, 0.4152756624411297, 0.42880094583422496, 0.44883423396472183, 0.45540707621504156, 0.4806722898813657], "macro_map": [0.2103765247605793, 0.21080681831249654, 0.21297524298383644, 0.21894353556841442, 0.22671124411715637, 0.23506045605443002, 0.24909694818867756, 0.26325173005048136, 0.2692097866272453, 0.28699168723981894]}, "val": {"micro_f1": [0.4140693426255482, 0.4753320107494483, 0.4894679940552805, 0.5106107552206874, 0.5329242407958333, 0.5593161832871055, 0.5763638393806585, 0.5838090641809177, 0.6059127031720316, 0.6031090303217302], "macro_f1": [0.1784458527755221, 0.16774803336142385, 0.17316144442296766, 0.18241163708898825, 0.19250656648250944, 0.20557550506740863, 0.21688133920432995, 0.2231975643255457, 0.23465449328055143, 0.2343294683848981], "micro_map": [0.308534590306153, 0.36428274913634634, 0.3762586939137782, 0.3906234110552333, 0.41288610062680836, 0.43012044630186186, 0.447102877041693, 0.4550815165308796, 0.47364810119393713, 0.4742870733578929], "macro_map": [0.22255737507729112, 0.2213714455995803, 0.22573764367517396, 0.22851010504901653, 0.23547701708830332, 0.2412987024434856, 0.24876983301479397, 0.2551909404669131, 0.26298890052068996, 0.2637567530503348]}}