{"train": {"micro_f1": [0.34494541837590276, 0.4524263535152944, 0.4824372258692221, 0.5126854267423103, 0.5412014792413131, 0.5503868328459827, 0.5754472705010933, 0.5942181845981697, 0.6147248704305811, 0.6337110898458796], "macro_f1": [0.23058731718503928, 0.1790912316628323, 0.17913017328596492, 0.1887257268684157, 0.20081725814351878, 0.20763424525498703, 0.225975857170587, 0.24140383858697567, 0.26869777445614723, 0.2947769579611702], "micro_map": [0.2352023615911431, 0.3276753330846302, 0.35623885803591493, 0.38286283065884463, 0.4081821933959146, 0.41908476489063956, 0.4420351546828663, 0.4603749274853838, 0.47983615317396594, 0.500623493758605], "macro_map": [0.2117709437318239, 0.2138599346753295, 0.21841716909023362, 0.22638405511413778, 0.23197652587367143, 0.2375010355304027, 0.2483531828170762, 0.26078747350422826, 0.2801538872569162, 0.2999906016925317]}, "val": {"micro_f1": [0.4356799245586798, 0.45668115739224624, 0.4936226554483119, 0.5209237169245318, 0.5359317573934127, 0.5542663815186465, 0.5723890546597666, 0.5834400814287208, 0.5947220020607118, 0.6181462350978725], "macro_f1": [0.1768471120363752, 0.1589398028245356, 0.17373610075439339, 0.18880278002189996, 0.19587304196860103, 0.20591847437196548, 0.21286376516849417, 0.21922327083850732, 0.22479009024178154, 0.2376327684836802], "micro_map": [0.3287467091360808, 0.35945564212145575, 0.3818165956953057, 0.4017689154287947, 0.4176724846951205, 0.4309458013425425, 0.4476026215235782, 0.4570059410928693, 0.46895857251624057, 0.490245369581322], "macro_map": [0.22086359730399346, 0.2210704641900569, 0.22542152154777195, 0.2315518879844314, 0.237780621804396, 0.24354047411662363, 0.24683628009614925, 0.2512796661381469, 0.256118414788219, 0.26419392535587877]}}