{"train": {"micro_f1": [0.3875690357198575, 0.5006703266539345, 0.5372891280255265, 0.5728611237505324, 0.599913988362273, 0.6206853060466032, 0.6491514914412528, 0.664780090576181, 0.6840721732235912, 0.7062927293808252], "macro_f1": [0.23176941705001933, 0.20074062485714073, 0.20108793245194753, 0.21502670051148146, 0.2316366276725845, 0.24510856703734835, 0.2716134257718869, 0.3045979212021188, 0.325719057606984, 0.3492994913383037], "micro_map": [0.2595524350017189, 0.36370878400479745, 0.4039676098485457, 0.43780356549391164, 0.46579595191299483, 0.485440932162291, 0.5162180588618929, 0.5327213696132289, 0.55425145912177, 0.5808629253896539], "macro_map": [0.21601352514062308, 0.22433122739510444, 0.23072583390394935, 0.2408307997385802, 0.25321059089756437, 0.2612643163764766, 0.2815392763053085, 0.3096929120974048, 0.32661923271268306, 0.34510154925430386]}, "val": {"micro_f1": [0.4637718882002271, 0.5038190103157619, 0.5018854390719667, 0.5443636801131153, 0.5555868363534086, 0.5805461937335006, 0.5933464276123692, 0.6131669369205834, 0.630061459865819, 0.6392929849638602], "macro_f1": [0.19983053615193513, 0.1861951311066105, 0.1831801752923305, 0.19812805051903037, 0.20322077577552072, 0.2185611469925498, 0.22731705242229983, 0.23869251438314307, 0.25008890534648703, 0.25568156465862707], "micro_map": [0.3424502990591192, 0.3847072621126909, 0.3919959613956753, 0.4237592024626924, 0.435242204270349, 0.45438389545927726, 0.46581780970815156, 0.48428470409857116, 0.5017437981132745, 0.5108720981683491], "macro_map": [0.22857684010306656, 0.23078378369114488, 0.2334431801239259, 0.24226159535791345, 0.24588775798428236, 0.2538508168762527, 0.25944824187805143, 0.26657096046377526, 0.2761630992773716, 0.28182667884935264]}}